Filename,eTime_macos,eTime_windows10
1.cpp,0.001726866,0.004999638
10.cpp,0.001785994,0.004001141
100.cpp,0.001508951,0.003999949
101.cpp,0.001662254,0.004000187
102.cpp,0.00150609,0.004999399
103.cpp,0.001584053,0.003998518
104.cpp,0.001538038,0.004001856
105.cpp,0.001500845,0.003999233
106.cpp,0.001451015,0.004998922
107.cpp,0.001479864,0.006000757
108.cpp,0.00152874,0.00499773
109.cpp,0.001531839,0.006002188
11.cpp,0.001473188,0.005022526
110.cpp,0.001516104,0.00600028
111.cpp,0.001590729,0.005002022
112.cpp,0.001738071,0.004998922
113.cpp,0.001553059,0.004998922
114.cpp,0.001519203,0.00399971
115.cpp,0.001756907,0.003992796
116.cpp,0.00167799,0.004998446
117.cpp,0.001498938,0.003999949
118.cpp,0.001573086,0.005000114
119.cpp,0.001886129,0.004016876
12.cpp,0.001626968,0.003999472
120.cpp,0.001597166,0.004000664
121.cpp,0.001652002,0.005019665
122.cpp,0.00154376,0.006999731
123.cpp,0.00165987,0.003997326
124.cpp,0.001828194,0.004000664
125.cpp,0.001570702,0.003998041
126.cpp,0.001606941,0.005001545
127.cpp,0.001752138,0.005003691
128.cpp,0.001724005,0.005997896
129.cpp,0.001635075,0.005000114
13.cpp,0.001616001,0.005001068
130.cpp,0.001561165,0.004999638
131.cpp,0.001522779,0.00500226
132.cpp,0.001630068,0.004002094
133.cpp,0.001567125,0.003998756
134.cpp,0.001521111,0.004999638
135.cpp,0.001563787,0.005001783
136.cpp,0.001524925,0.003020048
137.cpp,0.001708984,0.002998114
138.cpp,0.00156188,0.004999161
139.cpp,0.001588106,0.003998756
14.cpp,0.001688004,0.004000902
140.cpp,0.001811028,0.004002094
141.cpp,0.001693964,0.003996849
142.cpp,0.001514912,0.00599885
143.cpp,0.001842022,0.005999088
144.cpp,0.001591921,0.005997419
145.cpp,0.001574993,0.005999327
146.cpp,0.001850128,0.003998995
147.cpp,0.001783133,0.005997896
148.cpp,0.001574039,0.005000114
149.cpp,0.001685143,0.004999399
15.cpp,0.001694202,0.007002592
150.cpp,0.001575947,0.006001949
151.cpp,0.001543045,0.004999638
152.cpp,0.001795053,0.004999638
153.cpp,0.001735926,0.005999327
154.cpp,0.001770973,0.005999804
155.cpp,0.001534939,0.005016327
156.cpp,0.001577139,0.003998041
157.cpp,0.001618147,0.004999399
158.cpp,0.001867056,0.004998922
159.cpp,0.00156498,0.005999804
16.cpp,0.001567841,0.004000664
160.cpp,0.00159812,0.003996611
161.cpp,0.001677036,0.004999399
162.cpp,0.0015769,0.005002975
163.cpp,0.00169611,0.005001307
164.cpp,0.001632929,0.004998922
165.cpp,0.001616001,0.005000353
166.cpp,0.001528025,0.004997969
167.cpp,0.001747131,0.004999876
168.cpp,0.001744747,0.005996943
169.cpp,0.001855135,0.004001617
17.cpp,0.001700163,0.004998446
170.cpp,0.001598835,0.006000519
171.cpp,0.00154686,0.004001379
172.cpp,0.001797915,0.006000042
173.cpp,0.001759052,0.006000042
174.cpp,0.001572847,0.005001545
175.cpp,0.001665115,0.004000902
176.cpp,0.001886129,0.00500083
18.cpp,0.001723051,0.005000353
19.cpp,0.001792908,0.005002022
2.cpp,0.001719952,0.00400424
20.cpp,0.001767874,0.003999949
21.cpp,0.001796961,0.00399971
22.cpp,0.001768112,0.003999472
23.cpp,0.001689196,0.004045486
24.cpp,0.001672029,0.003965378
25.cpp,0.001636028,0.004999399
26.cpp,0.00169301,0.003998518
27.cpp,0.001760006,0.004000664
28.cpp,0.001647949,0.004999876
29.cpp,0.001593113,0.004998684
3.cpp,0.001678228,0.004002094
30.cpp,0.002042055,0.004000664
31.cpp,0.001618862,0.004000187
32.cpp,0.0019207,0.003998518
33.cpp,0.001606941,0.006000042
34.cpp,0.001664877,0.007000923
35.cpp,0.001682043,0.005999565
36.cpp,0.001660824,0.004997492
37.cpp,0.001788139,0.004999876
38.cpp,0.001679897,0.007002592
39.cpp,0.001766205,0.004999399
4.cpp,0.001708984,0.005999565
40.cpp,0.001725912,0.004998922
41.cpp,0.001834154,0.00600028
42.cpp,0.001634836,0.004998684
43.cpp,0.001736879,0.00599885
44.cpp,0.001636982,0.006999969
45.cpp,0.001790047,0.005000114
46.cpp,0.00178194,0.006001234
47.cpp,0.001699209,0.005999804
48.cpp,0.00173521,0.00600338
49.cpp,0.001670122,0.007000208
5.cpp,0.001680136,0.004003525
50.cpp,0.001780272,0.005999327
51.cpp,0.00174284,0.005002975
52.cpp,0.001751661,0.003999949
53.cpp,0.001807928,0.006003141
54.cpp,0.001634121,0.005000114
55.cpp,0.001673222,0.006998777
56.cpp,0.001789808,0.00600028
57.cpp,0.001788139,0.004002333
58.cpp,0.001791,0.004000664
59.cpp,0.001827002,0.005000591
6.cpp,0.001693964,0.005998611
60.cpp,0.001688242,0.007000208
61.cpp,0.001783133,0.007001162
62.cpp,0.001862288,0.00701046
63.cpp,0.001992941,0.004024029
64.cpp,0.001649141,0.005999804
65.cpp,0.001735926,0.005999088
66.cpp,0.001728058,0.007002115
67.cpp,0.001914978,0.006000996
68.cpp,0.001739025,0.004999876
69.cpp,0.001777172,0.005001068
7.cpp,0.001651049,0.004998684
70.cpp,0.001667738,0.006001472
71.cpp,0.001669884,0.004997969
72.cpp,0.002071857,0.004999638
73.cpp,0.00174284,0.005999565
74.cpp,0.001815081,0.003999472
75.cpp,0.001639843,0.004999876
76.cpp,0.001966953,0.00500083
77.cpp,0.001805782,0.004001379
78.cpp,0.001860857,0.003999233
79.cpp,0.001923084,0.00499773
8.cpp,0.001866341,0.004998922
80.cpp,0.001665592,0.004000425
81.cpp,0.001776934,0.00399828
82.cpp,0.001646996,0.004999399
83.cpp,0.001713753,0.003998995
84.cpp,0.001652002,0.004999876
85.cpp,0.002056837,0.004000664
86.cpp,0.001851797,0.004001617
87.cpp,0.001837969,0.003999949
88.cpp,0.001649141,0.00400281
89.cpp,0.001852989,0.003999949
9.cpp,0.00197196,0.003999233
90.cpp,0.001869678,0.006000757
91.cpp,0.001713037,0.00599885
92.cpp,0.001797199,0.006999493
93.cpp,0.00166297,0.006997824
94.cpp,0.00170207,0.005995035
95.cpp,0.001775026,0.006000042
96.cpp,0.0018332,0.00600028
97.cpp,0.001694918,0.007001162
98.cpp,0.002085209,0.005998611
99.cpp,0.001762867,0.005999804
